what,kind,bundleId,bundleVersion,description,time
activated,workbench,org.eclipse.ui.workbench,3.5.2.M20100113-0800,"",1298484886365
activated,editor,org.eclipse.jdt.ui,3.5.2.r352_v20100106-0800,"org.eclipse.jdt.ui.CompilationUnitEditor",1298484887905
executed,command,org.eclipse.ui.workbench.texteditor,3.5.1.r352_v20100105,"org.eclipse.ui.edit.text.goto.lineEnd",1298484934612
executed,command,org.eclipse.ui.workbench.texteditor,3.5.1.r352_v20100105,"org.eclipse.ui.edit.text.select.lineStart",1298484935347
executed,command,org.eclipse.ui,3.5.2.M20100120-0800,"org.eclipse.ui.edit.cut",1298484935679
executed,command,org.eclipse.ui.workbench.texteditor,3.5.1.r352_v20100105,"org.eclipse.ui.edit.text.select.lineStart",1298484936237
executed,command,org.eclipse.ui.workbench.texteditor,3.5.1.r352_v20100105,"org.eclipse.ui.edit.text.goto.lineStart",1298484937740
executed,command,org.eclipse.ui,3.5.2.M20100120-0800,"org.eclipse.ui.edit.paste",1298484939434
executed,command,org.eclipse.ui.workbench.texteditor,3.5.1.r352_v20100105,"org.eclipse.ui.edit.text.goto.lineEnd",1298484944181
deactivated,workbench,org.eclipse.ui.workbench,3.5.2.M20100113-0800,"",1298484969242
activated,workbench,org.eclipse.ui.workbench,3.5.2.M20100113-0800,"",1298484981437
executed,command,org.eclipse.ui,3.5.2.M20100120-0800,"org.eclipse.ui.file.save",1298484991492
executed,command,org.eclipse.ui,3.5.2.M20100120-0800,"org.eclipse.ui.navigate.backwardHistory",1298484995307
executed,command,org.eclipse.ui,3.5.2.M20100120-0800,"org.eclipse.ui.navigate.backwardHistory",1298484996192
executed,command,org.eclipse.ui,3.5.2.M20100120-0800,"org.eclipse.ui.file.save",1298485007259
executed,command,org.eclipse.ui,3.5.2.M20100120-0800,"org.eclipse.ui.navigate.backwardHistory",1298485008350
executed,command,org.eclipse.ui.workbench.texteditor,3.5.1.r352_v20100105,"org.eclipse.ui.edit.text.select.lineStart",1298485019021
executed,command,org.eclipse.ui.workbench.texteditor,3.5.1.r352_v20100105,"org.eclipse.ui.edit.text.goto.lineStart",1298485020660
executed,command,org.eclipse.ui,3.5.2.M20100120-0800,"org.eclipse.ui.file.save",1298485108180
executed,command,org.eclipse.ui.workbench.texteditor,3.5.1.r352_v20100105,"org.eclipse.ui.edit.text.goto.lineEnd",1298485115224
executed,command,org.eclipse.ui.workbench.texteditor,3.5.1.r352_v20100105,"org.eclipse.ui.edit.text.select.lineStart",1298485116073
executed,command,org.eclipse.ui,3.5.2.M20100120-0800,"org.eclipse.ui.file.save",1298485117782
executed,command,org.eclipse.ui.workbench.texteditor,3.5.1.r352_v20100105,"org.eclipse.ui.edit.text.select.lineStart",1298485142646
executed,command,org.eclipse.ui,3.5.2.M20100120-0800,"org.eclipse.ui.file.save",1298485144397
executed,command,org.eclipse.ui,3.5.2.M20100120-0800,"org.eclipse.ui.file.save",1298485153078
executed,command,org.eclipse.jdt.ui,3.5.2.r352_v20100106-0800,"org.eclipse.jdt.ui.edit.text.java.rename.element",1298485176064
executed,command,org.eclipse.jdt.ui,3.5.2.r352_v20100106-0800,"org.eclipse.jdt.ui.edit.text.java.rename.element",1298485188503
executed,command,org.eclipse.ui.workbench.texteditor,3.5.1.r352_v20100105,"org.eclipse.ui.edit.text.goto.lineStart",1298485221550
executed,command,org.eclipse.ui.workbench.texteditor,3.5.1.r352_v20100105,"org.eclipse.ui.edit.text.goto.lineEnd",1298485222557
executed,command,org.eclipse.ui.workbench.texteditor,3.5.1.r352_v20100105,"org.eclipse.ui.edit.text.select.lineStart",1298485224103
executed,command,org.eclipse.ui,3.5.2.M20100120-0800,"org.eclipse.ui.file.save",1298485225836
deactivated,workbench,org.eclipse.ui.workbench,3.5.2.M20100113-0800,"",1298485244781
activated,workbench,org.eclipse.ui.workbench,3.5.2.M20100113-0800,"",1298485283677
opened,view,org.eclipse.debug.ui,3.5.2.v20091028_r352,"org.eclipse.debug.ui.DebugView",1298485291167
opened,view,org.eclipse.debug.ui,3.5.2.v20091028_r352,"org.eclipse.debug.ui.VariableView",1298485291426
activated,perspective,org.eclipse.debug.ui,3.5.2.v20091028_r352,"org.eclipse.debug.ui.DebugPerspective",1298485291473
opened,view,org.eclipse.debug.ui,3.5.2.v20091028_r352,"org.eclipse.debug.ui.BreakpointView",1298485292814
activated,editor,org.eclipse.jdt.ui,3.5.2.r352_v20100106-0800,"org.eclipse.jdt.ui.CompilationUnitEditor",1298485293711
activated,view,org.eclipse.debug.ui,3.5.2.v20091028_r352,"org.eclipse.debug.ui.DebugView",1298485296714
executed,command,org.eclipse.debug.ui,3.5.2.v20091028_r352,"org.eclipse.debug.ui.commands.Resume",1298485296873
executed,command,org.eclipse.debug.ui,3.5.2.v20091028_r352,"org.eclipse.debug.ui.commands.StepOver",1298485301930
executed,command,org.eclipse.debug.ui,3.5.2.v20091028_r352,"org.eclipse.debug.ui.commands.StepOver",1298485303018
executed,command,org.eclipse.debug.ui,3.5.2.v20091028_r352,"org.eclipse.debug.ui.commands.StepOver",1298485303915
executed,command,org.eclipse.debug.ui,3.5.2.v20091028_r352,"org.eclipse.debug.ui.commands.StepOver",1298485304718
executed,command,org.eclipse.debug.ui,3.5.2.v20091028_r352,"org.eclipse.debug.ui.commands.StepOver",1298485305535
executed,command,org.eclipse.debug.ui,3.5.2.v20091028_r352,"org.eclipse.debug.ui.commands.StepOver",1298485306329
executed,command,org.eclipse.debug.ui,3.5.2.v20091028_r352,"org.eclipse.debug.ui.commands.StepOver",1298485309863
executed,command,org.eclipse.debug.ui,3.5.2.v20091028_r352,"org.eclipse.debug.ui.commands.StepOver",1298485311089
executed,command,org.eclipse.debug.ui,3.5.2.v20091028_r352,"org.eclipse.debug.ui.commands.StepOver",1298485312445
executed,command,org.eclipse.debug.ui,3.5.2.v20091028_r352,"org.eclipse.debug.ui.commands.StepOver",1298485318775
activated,editor,org.eclipse.jdt.ui,3.5.2.r352_v20100106-0800,"org.eclipse.jdt.ui.CompilationUnitEditor",1298485322307
executed,command,org.eclipse.jdt.debug.ui,3.4.1.v20090811_r351,"org.eclipse.jdt.debug.ui.commands.Inspect",1298485336955
deactivated,workbench,org.eclipse.ui.workbench,3.5.2.M20100113-0800,"",1298485337145
activated,workbench,org.eclipse.ui.workbench,3.5.2.M20100113-0800,"",1298485345368
activated,view,org.eclipse.debug.ui,3.5.2.v20091028_r352,"org.eclipse.debug.ui.DebugView",1298485348635
executed,command,org.eclipse.debug.ui,3.5.2.v20091028_r352,"org.eclipse.debug.ui.commands.Resume",1298485348695
activated,editor,org.eclipse.jdt.ui,3.5.2.r352_v20100106-0800,"org.eclipse.jdt.ui.CompilationUnitEditor",1298485362585
executed,command,,,"AUTOGEN:::org.eclipse.jdt.debug.CompilationUnitEditor.BreakpointRulerActions/org.eclipse.jdt.debug.ui.actions.ManageBreakpointRulerAction",1298485362759
activated,editor,org.eclipse.jdt.ui,3.5.2.r352_v20100106-0800,"org.eclipse.jdt.ui.CompilationUnitEditor",1298485371055
activated,view,org.eclipse.debug.ui,3.5.2.v20091028_r352,"org.eclipse.debug.ui.DebugView",1298485372530
executed,command,org.eclipse.debug.ui,3.5.2.v20091028_r352,"org.eclipse.debug.ui.commands.Resume",1298485372587
activated,editor,org.eclipse.jdt.ui,3.5.2.r352_v20100106-0800,"org.eclipse.jdt.ui.CompilationUnitEditor",1298485378425
opened,editor,org.eclipse.jdt.ui,3.5.2.r352_v20100106-0800,"org.eclipse.jdt.ui.CompilationUnitEditor",1298485378699
activated,editor,org.eclipse.jdt.ui,3.5.2.r352_v20100106-0800,"org.eclipse.jdt.ui.CompilationUnitEditor",1298485378773
activated,editor,org.eclipse.jdt.ui,3.5.2.r352_v20100106-0800,"org.eclipse.jdt.ui.CompilationUnitEditor",1298485387074
executed,command,org.eclipse.ui,3.5.2.M20100120-0800,"org.eclipse.ui.navigate.backwardHistory",1298485387085
executed,command,,,"AUTOGEN:::org.eclipse.jdt.debug.CompilationUnitEditor.BreakpointRulerActions/org.eclipse.jdt.debug.ui.actions.ManageBreakpointRulerAction",1298485392608
activated,view,org.eclipse.debug.ui,3.5.2.v20091028_r352,"org.eclipse.debug.ui.DebugView",1298485394224
executed,command,org.eclipse.debug.ui,3.5.2.v20091028_r352,"org.eclipse.debug.ui.commands.Resume",1298485394282
executed,command,org.eclipse.debug.ui,3.5.2.v20091028_r352,"org.eclipse.debug.ui.commands.StepOver",1298485397492
executed,command,org.eclipse.debug.ui,3.5.2.v20091028_r352,"org.eclipse.debug.ui.commands.StepOver",1298485399553
executed,command,org.eclipse.debug.ui,3.5.2.v20091028_r352,"org.eclipse.debug.ui.commands.StepOver",1298485400271
executed,command,org.eclipse.debug.ui,3.5.2.v20091028_r352,"org.eclipse.debug.ui.commands.StepOver",1298485400762
executed,command,org.eclipse.debug.ui,3.5.2.v20091028_r352,"org.eclipse.debug.ui.commands.StepOver",1298485401967
executed,command,org.eclipse.debug.ui,3.5.2.v20091028_r352,"org.eclipse.debug.ui.commands.StepInto",1298485403085
opened,editor,org.eclipse.debug.ui,3.5.2.v20091028_r352,"org.eclipse.debug.ui.sourcelookup.CommonSourceNotFoundEditor",1298485403465
executed,command,org.eclipse.debug.ui,3.5.2.v20091028_r352,"org.eclipse.debug.ui.commands.StepReturn",1298485404259
executed,command,org.eclipse.debug.ui,3.5.2.v20091028_r352,"org.eclipse.debug.ui.commands.StepInto",1298485405278
opened,editor,org.eclipse.jdt.ui,3.5.2.r352_v20100106-0800,"org.eclipse.jdt.ui.ClassFileEditor",1298485405859
closed,editor,org.eclipse.debug.ui,3.5.2.v20091028_r352,"org.eclipse.debug.ui.sourcelookup.CommonSourceNotFoundEditor",1298485405986
executed,command,org.eclipse.debug.ui,3.5.2.v20091028_r352,"org.eclipse.debug.ui.commands.StepReturn",1298485406820
executed,command,org.eclipse.debug.ui,3.5.2.v20091028_r352,"org.eclipse.debug.ui.commands.StepInto",1298485408582
executed,command,org.eclipse.debug.ui,3.5.2.v20091028_r352,"org.eclipse.debug.ui.commands.StepOver",1298485419601
executed,command,org.eclipse.debug.ui,3.5.2.v20091028_r352,"org.eclipse.debug.ui.commands.StepOver",1298485421088
executed,command,org.eclipse.debug.ui,3.5.2.v20091028_r352,"org.eclipse.debug.ui.commands.StepOver",1298485421891
executed,command,org.eclipse.debug.ui,3.5.2.v20091028_r352,"org.eclipse.debug.ui.commands.StepOver",1298485422475
executed,command,org.eclipse.debug.ui,3.5.2.v20091028_r352,"org.eclipse.debug.ui.commands.StepOver",1298485423379
executed,command,org.eclipse.debug.ui,3.5.2.v20091028_r352,"org.eclipse.debug.ui.commands.StepOver",1298485424339
executed,command,org.eclipse.debug.ui,3.5.2.v20091028_r352,"org.eclipse.debug.ui.commands.StepOver",1298485430117
executed,command,org.eclipse.debug.ui,3.5.2.v20091028_r352,"org.eclipse.debug.ui.commands.StepOver",1298485431274
executed,command,org.eclipse.debug.ui,3.5.2.v20091028_r352,"org.eclipse.debug.ui.commands.StepOver",1298485432193
executed,command,org.eclipse.debug.ui,3.5.2.v20091028_r352,"org.eclipse.debug.ui.commands.Resume",1298485437603
executed,command,org.eclipse.debug.ui,3.5.2.v20091028_r352,"org.eclipse.debug.ui.commands.Resume",1298485445217
executed,command,org.eclipse.debug.ui,3.5.2.v20091028_r352,"org.eclipse.debug.ui.commands.StepOver",1298485449603
executed,command,org.eclipse.debug.ui,3.5.2.v20091028_r352,"org.eclipse.debug.ui.commands.StepOver",1298485450149
executed,command,org.eclipse.debug.ui,3.5.2.v20091028_r352,"org.eclipse.debug.ui.commands.StepOver",1298485450856
executed,command,org.eclipse.debug.ui,3.5.2.v20091028_r352,"org.eclipse.debug.ui.commands.StepOver",1298485451524
executed,command,org.eclipse.debug.ui,3.5.2.v20091028_r352,"org.eclipse.debug.ui.commands.StepOver",1298485452175
executed,command,org.eclipse.debug.ui,3.5.2.v20091028_r352,"org.eclipse.debug.ui.commands.StepInto",1298485453661
opened,editor,org.eclipse.debug.ui,3.5.2.v20091028_r352,"org.eclipse.debug.ui.sourcelookup.CommonSourceNotFoundEditor",1298485453880
closed,editor,org.eclipse.jdt.ui,3.5.2.r352_v20100106-0800,"org.eclipse.jdt.ui.ClassFileEditor",1298485453903
executed,command,org.eclipse.debug.ui,3.5.2.v20091028_r352,"org.eclipse.debug.ui.commands.StepReturn",1298485454798
executed,command,org.eclipse.debug.ui,3.5.2.v20091028_r352,"org.eclipse.debug.ui.commands.StepInto",1298485456138
opened,editor,org.eclipse.jdt.ui,3.5.2.r352_v20100106-0800,"org.eclipse.jdt.ui.ClassFileEditor",1298485456414
closed,editor,org.eclipse.debug.ui,3.5.2.v20091028_r352,"org.eclipse.debug.ui.sourcelookup.CommonSourceNotFoundEditor",1298485456540
executed,command,org.eclipse.debug.ui,3.5.2.v20091028_r352,"org.eclipse.debug.ui.commands.StepReturn",1298485458258
executed,command,org.eclipse.debug.ui,3.5.2.v20091028_r352,"org.eclipse.debug.ui.commands.StepInto",1298485459471
executed,command,org.eclipse.debug.ui,3.5.2.v20091028_r352,"org.eclipse.debug.ui.commands.Resume",1298485464990
executed,command,org.eclipse.debug.ui,3.5.2.v20091028_r352,"org.eclipse.debug.ui.commands.Resume",1298485466889
executed,command,org.eclipse.debug.ui,3.5.2.v20091028_r352,"org.eclipse.debug.ui.commands.Resume",1298485468078
activated,perspective,org.eclipse.jdt.ui,3.5.2.r352_v20100106-0800,"org.eclipse.jdt.ui.JavaPerspective",1298485472108
activated,editor,org.eclipse.jdt.ui,3.5.2.r352_v20100106-0800,"org.eclipse.jdt.ui.CompilationUnitEditor",1298485472131
executed,command,org.eclipse.ui,3.5.2.M20100120-0800,"org.eclipse.ui.edit.copy",1298485497238
executed,command,org.eclipse.ui,3.5.2.M20100120-0800,"org.eclipse.ui.file.save",1298485498748
executed,command,org.eclipse.ui,3.5.2.M20100120-0800,"org.eclipse.ui.file.save",1298485504169
executed,command,org.eclipse.ui,3.5.2.M20100120-0800,"org.eclipse.ui.navigate.backwardHistory",1298485508688
executed,command,org.eclipse.ui,3.5.2.M20100120-0800,"org.eclipse.ui.edit.paste",1298485515172
executed,command,org.eclipse.ui,3.5.2.M20100120-0800,"org.eclipse.ui.file.save",1298485516296
executed,command,org.eclipse.ui.workbench.texteditor,3.5.1.r352_v20100105,"org.eclipse.ui.edit.text.select.lineEnd",1298485520944
executed,command,org.eclipse.ui,3.5.2.M20100120-0800,"org.eclipse.ui.edit.copy",1298485522771
executed,command,org.eclipse.ui,3.5.2.M20100120-0800,"org.eclipse.ui.navigate.backwardHistory",1298485525897
executed,command,org.eclipse.ui,3.5.2.M20100120-0800,"org.eclipse.ui.navigate.backwardHistory",1298485531344
executed,command,org.eclipse.ui,3.5.2.M20100120-0800,"org.eclipse.ui.navigate.backwardHistory",1298485538013
executed,command,org.eclipse.ui,3.5.2.M20100120-0800,"org.eclipse.ui.edit.paste",1298485541964
executed,command,org.eclipse.ui,3.5.2.M20100120-0800,"org.eclipse.ui.file.save",1298485543303
executed,command,org.eclipse.ui,3.5.2.M20100120-0800,"org.eclipse.ui.navigate.backwardHistory",1298485545242
deactivated,workbench,org.eclipse.ui.workbench,3.5.2.M20100113-0800,"",1298485558698
activated,workbench,org.eclipse.ui.workbench,3.5.2.M20100113-0800,"",1298485580921
executed,command,org.eclipse.ui,3.5.2.M20100120-0800,"org.eclipse.ui.navigate.backwardHistory",1298485583541
executed,command,org.eclipse.ui,3.5.2.M20100120-0800,"org.eclipse.ui.file.save",1298485588759
closed,editor,org.eclipse.jdt.ui,3.5.2.r352_v20100106-0800,"org.eclipse.jdt.ui.ClassFileEditor",1298485616223
closed,editor,org.eclipse.jdt.ui,3.5.2.r352_v20100106-0800,"org.eclipse.jdt.ui.PropertiesFileEditor",1298485621658
closed,editor,org.eclipse.jdt.ui,3.5.2.r352_v20100106-0800,"org.eclipse.jdt.ui.CompilationUnitEditor",1298485622905
closed,editor,org.eclipse.jdt.ui,3.5.2.r352_v20100106-0800,"org.eclipse.jdt.ui.CompilationUnitEditor",1298485624018
closed,editor,org.eclipse.jdt.ui,3.5.2.r352_v20100106-0800,"org.eclipse.jdt.ui.CompilationUnitEditor",1298485625289
activated,view,org.eclipse.jdt.ui,3.5.2.r352_v20100106-0800,"org.eclipse.jdt.ui.PackageExplorer",1298485669590
opened,editor,org.eclipse.jdt.ui,3.5.2.r352_v20100106-0800,"org.eclipse.jdt.ui.CompilationUnitEditor",1298485669839
activated,editor,org.eclipse.jdt.ui,3.5.2.r352_v20100106-0800,"org.eclipse.jdt.ui.CompilationUnitEditor",1298485669979
executed,command,org.eclipse.ui.workbench.texteditor,3.5.1.r352_v20100105,"org.eclipse.ui.edit.text.select.lineStart",1298485707233
executed,command,org.eclipse.jdt.ui,3.5.2.r352_v20100106-0800,"org.eclipse.jdt.ui.edit.text.java.rename.element",1298485713084
error,log,,,"Designer [8.0.0.r35x201009160631]: java.lang.NullPointerException",1298485719294
executed,command,org.eclipse.ui.workbench.texteditor,3.5.1.r352_v20100105,"org.eclipse.ui.edit.text.goto.lineEnd",1298485736311
executed,command,org.eclipse.ui,3.5.2.M20100120-0800,"org.eclipse.ui.file.save",1298485752555
executed,command,org.eclipse.ui.workbench.texteditor,3.5.1.r352_v20100105,"org.eclipse.ui.edit.text.goto.lineEnd",1298485760034
executed,command,org.eclipse.ui.workbench.texteditor,3.5.1.r352_v20100105,"org.eclipse.ui.edit.text.goto.lineEnd",1298485797546
executed,command,org.eclipse.ui,3.5.2.M20100120-0800,"org.eclipse.ui.file.save",1298485814613
deactivated,workbench,org.eclipse.ui.workbench,3.5.2.M20100113-0800,"",1298485826261
activated,workbench,org.eclipse.ui.workbench,3.5.2.M20100113-0800,"",1298485846021
activated,editor,org.eclipse.jdt.ui,3.5.2.r352_v20100106-0800,"org.eclipse.jdt.ui.CompilationUnitEditor",1298485866314
executed,command,,,"AUTOGEN:::org.eclipse.jdt.internal.ui.CompilationUnitEditor.ruler.actions/org.eclipse.jdt.internal.ui.javaeditor.JavaSelectRulerAction",1298485872961
deactivated,workbench,org.eclipse.ui.workbench,3.5.2.M20100113-0800,"",1298485877285
activated,workbench,org.eclipse.ui.workbench,3.5.2.M20100113-0800,"",1298485877499
executed,command,org.eclipse.ui,3.5.2.M20100120-0800,"org.eclipse.ui.file.save",1298485882405
deactivated,workbench,org.eclipse.ui.workbench,3.5.2.M20100113-0800,"",1298485907637
activated,workbench,org.eclipse.ui.workbench,3.5.2.M20100113-0800,"",1298485913251
deactivated,workbench,org.eclipse.ui.workbench,3.5.2.M20100113-0800,"",1298487118685
activated,workbench,org.eclipse.ui.workbench,3.5.2.M20100113-0800,"",1298495784889
deactivated,workbench,org.eclipse.ui.workbench,3.5.2.M20100113-0800,"",1298495784966
activated,workbench,org.eclipse.ui.workbench,3.5.2.M20100113-0800,"",1298495790853
deactivated,workbench,org.eclipse.ui.workbench,3.5.2.M20100113-0800,"",1298495791791
activated,workbench,org.eclipse.ui.workbench,3.5.2.M20100113-0800,"",1298507085336
executed,command,org.eclipse.ui,3.5.2.M20100120-0800,"org.eclipse.ui.edit.undo",1298507345301
executed,command,org.eclipse.ui,3.5.2.M20100120-0800,"org.eclipse.ui.edit.undo",1298507345741
activated,view,org.eclipse.ui.views,3.4.1.M20090826-0800,"org.eclipse.ui.views.ContentOutline",1298507516956
activated,editor,org.eclipse.jdt.ui,3.5.2.r352_v20100106-0800,"org.eclipse.jdt.ui.CompilationUnitEditor",1298507529235
executed,command,org.eclipse.ui,3.5.2.M20100120-0800,"org.eclipse.ui.navigate.backwardHistory",1298507529303
executed,command,org.eclipse.ui,3.5.2.M20100120-0800,"org.eclipse.ui.edit.text.contentAssist.proposals",1298507533192
executed,command,,,"AUTOGEN:::org.eclipse.jdt.internal.ui.CompilationUnitEditor.ruler.actions/org.eclipse.jdt.internal.ui.javaeditor.JavaSelectRulerAction",1298507610233
deactivated,workbench,org.eclipse.ui.workbench,3.5.2.M20100113-0800,"",1298507612909
activated,workbench,org.eclipse.ui.workbench,3.5.2.M20100113-0800,"",1298507613832
executed,command,org.eclipse.ui,3.5.2.M20100120-0800,"org.eclipse.ui.file.save",1298507617282
executed,command,,,"AUTOGEN:::org.eclipse.jdt.debug.CompilationUnitEditor.BreakpointRulerActions/org.eclipse.jdt.debug.ui.actions.ManageBreakpointRulerAction",1298507619140
activated,perspective,org.eclipse.debug.ui,3.5.2.v20091028_r352,"org.eclipse.debug.ui.DebugPerspective",1298507624381
activated,editor,org.eclipse.jdt.ui,3.5.2.r352_v20100106-0800,"org.eclipse.jdt.ui.CompilationUnitEditor",1298507624947
activated,view,org.eclipse.debug.ui,3.5.2.v20091028_r352,"org.eclipse.debug.ui.DebugView",1298507627279
executed,command,org.eclipse.debug.ui,3.5.2.v20091028_r352,"org.eclipse.debug.ui.commands.Resume",1298507627343
executed,command,org.eclipse.debug.ui,3.5.2.v20091028_r352,"org.eclipse.debug.ui.commands.Resume",1298507629762
executed,command,org.eclipse.debug.ui,3.5.2.v20091028_r352,"org.eclipse.debug.ui.commands.StepOver",1298507633771
executed,command,org.eclipse.debug.ui,3.5.2.v20091028_r352,"org.eclipse.debug.ui.commands.Terminate",1298507643818
activated,editor,org.eclipse.jdt.ui,3.5.2.r352_v20100106-0800,"org.eclipse.jdt.ui.CompilationUnitEditor",1298507721662
executed,command,org.eclipse.ui.workbench.texteditor,3.5.1.r352_v20100105,"org.eclipse.ui.edit.text.goto.lineStart",1298507723299
executed,command,org.eclipse.ui.workbench.texteditor,3.5.1.r352_v20100105,"org.eclipse.ui.edit.text.select.lineEnd",1298507724276
executed,command,org.eclipse.ui.workbench.texteditor,3.5.1.r352_v20100105,"org.eclipse.ui.edit.text.goto.lineStart",1298507731365
executed,command,org.eclipse.ui,3.5.2.M20100120-0800,"org.eclipse.ui.file.save",1298507740818
executed,command,org.eclipse.ui.workbench.texteditor,3.5.1.r352_v20100105,"org.eclipse.ui.edit.text.goto.lineEnd",1298507745360
executed,command,org.eclipse.ui,3.5.2.M20100120-0800,"org.eclipse.ui.file.save",1298507754152
activated,editor,org.eclipse.jdt.ui,3.5.2.r352_v20100106-0800,"org.eclipse.jdt.ui.CompilationUnitEditor",1298507759185
activated,view,org.eclipse.debug.ui,3.5.2.v20091028_r352,"org.eclipse.debug.ui.DebugView",1298507761052
executed,command,org.eclipse.debug.ui,3.5.2.v20091028_r352,"org.eclipse.debug.ui.commands.Resume",1298507761112
executed,command,org.eclipse.debug.ui,3.5.2.v20091028_r352,"org.eclipse.debug.ui.commands.Resume",1298507762313
executed,command,org.eclipse.debug.ui,3.5.2.v20091028_r352,"org.eclipse.debug.ui.commands.StepOver",1298507764689
activated,editor,org.eclipse.jdt.ui,3.5.2.r352_v20100106-0800,"org.eclipse.jdt.ui.CompilationUnitEditor",1298507784147
activated,view,org.eclipse.debug.ui,3.5.2.v20091028_r352,"org.eclipse.debug.ui.DebugView",1298507786100
executed,command,org.eclipse.debug.ui,3.5.2.v20091028_r352,"org.eclipse.debug.ui.commands.StepOver",1298507786162
deactivated,workbench,org.eclipse.ui.workbench,3.5.2.M20100113-0800,"",1298507796904
activated,workbench,org.eclipse.ui.workbench,3.5.2.M20100113-0800,"",1298507932006
activated,editor,org.eclipse.jdt.ui,3.5.2.r352_v20100106-0800,"org.eclipse.jdt.ui.CompilationUnitEditor",1298507934551
executed,command,org.eclipse.jdt.debug.ui,3.4.1.v20090811_r351,"org.eclipse.jdt.debug.ui.commands.Inspect",1298507939437
deactivated,workbench,org.eclipse.ui.workbench,3.5.2.M20100113-0800,"",1298507939463
activated,workbench,org.eclipse.ui.workbench,3.5.2.M20100113-0800,"",1298507962281
deactivated,workbench,org.eclipse.ui.workbench,3.5.2.M20100113-0800,"",1298507963420
activated,workbench,org.eclipse.ui.workbench,3.5.2.M20100113-0800,"",1298508219779
activated,view,org.eclipse.debug.ui,3.5.2.v20091028_r352,"org.eclipse.debug.ui.DebugView",1298508225048
executed,command,org.eclipse.debug.ui,3.5.2.v20091028_r352,"org.eclipse.debug.ui.commands.Terminate",1298508225104
activated,editor,org.eclipse.jdt.ui,3.5.2.r352_v20100106-0800,"org.eclipse.jdt.ui.CompilationUnitEditor",1298508231354
executed,command,org.eclipse.ui.workbench.texteditor,3.5.1.r352_v20100105,"org.eclipse.ui.edit.text.select.lineStart",1298508268248
deactivated,workbench,org.eclipse.ui.workbench,3.5.2.M20100113-0800,"",1298508329673
activated,workbench,org.eclipse.ui.workbench,3.5.2.M20100113-0800,"",1298508331641
activated,editor,org.eclipse.jdt.ui,3.5.2.r352_v20100106-0800,"org.eclipse.jdt.ui.CompilationUnitEditor",1298508333629
activated,view,org.eclipse.debug.ui,3.5.2.v20091028_r352,"org.eclipse.debug.ui.DebugView",1298508334511
executed,command,org.eclipse.debug.ui,3.5.2.v20091028_r352,"org.eclipse.debug.ui.commands.Resume",1298508334576
executed,command,org.eclipse.debug.ui,3.5.2.v20091028_r352,"org.eclipse.debug.ui.commands.Resume",1298508335947
executed,command,org.eclipse.debug.ui,3.5.2.v20091028_r352,"org.eclipse.debug.ui.commands.StepOver",1298508338803
executed,command,org.eclipse.debug.ui,3.5.2.v20091028_r352,"org.eclipse.debug.ui.commands.StepOver",1298508341359
executed,command,org.eclipse.debug.ui,3.5.2.v20091028_r352,"org.eclipse.debug.ui.commands.StepOver",1298508342560
activated,editor,org.eclipse.jdt.ui,3.5.2.r352_v20100106-0800,"org.eclipse.jdt.ui.CompilationUnitEditor",1298508370931
activated,view,org.eclipse.debug.ui,3.5.2.v20091028_r352,"org.eclipse.debug.ui.DebugView",1298508372745
executed,command,org.eclipse.debug.ui,3.5.2.v20091028_r352,"org.eclipse.debug.ui.commands.Terminate",1298508372816
activated,perspective,org.eclipse.jdt.ui,3.5.2.r352_v20100106-0800,"org.eclipse.jdt.ui.JavaPerspective",1298508375413
activated,editor,org.eclipse.jdt.ui,3.5.2.r352_v20100106-0800,"org.eclipse.jdt.ui.CompilationUnitEditor",1298508375433
executed,command,org.eclipse.ui.workbench.texteditor,3.5.1.r352_v20100105,"org.eclipse.ui.edit.text.select.lineStart",1298508399892
executed,command,org.eclipse.ui.workbench.texteditor,3.5.1.r352_v20100105,"org.eclipse.ui.edit.text.select.lineStart",1298508400092
executed,command,org.eclipse.jdt.ui,3.5.2.r352_v20100106-0800,"org.eclipse.jdt.ui.edit.text.java.goto.matching.bracket",1298508403456
deactivated,workbench,org.eclipse.ui.workbench,3.5.2.M20100113-0800,"",1298508404731
activated,workbench,org.eclipse.ui.workbench,3.5.2.M20100113-0800,"",1298508407642
executed,command,org.eclipse.jdt.ui,3.5.2.r352_v20100106-0800,"org.eclipse.jdt.ui.edit.text.java.organize.imports",1298508407832
executed,command,org.eclipse.ui,3.5.2.M20100120-0800,"org.eclipse.ui.file.save",1298508409526
executed,command,org.eclipse.ui,3.5.2.M20100120-0800,"org.eclipse.ui.edit.text.contentAssist.proposals",1298508422459
executed,command,org.eclipse.ui,3.5.2.M20100120-0800,"org.eclipse.ui.edit.copy",1298508428229
executed,command,org.eclipse.ui,3.5.2.M20100120-0800,"org.eclipse.ui.edit.paste",1298508438095
executed,command,org.eclipse.ui,3.5.2.M20100120-0800,"org.eclipse.ui.edit.paste",1298508439814
executed,command,org.eclipse.ui,3.5.2.M20100120-0800,"org.eclipse.ui.edit.paste",1298508441485
executed,command,org.eclipse.ui,3.5.2.M20100120-0800,"org.eclipse.ui.edit.paste",1298508443479
executed,command,org.eclipse.ui,3.5.2.M20100120-0800,"org.eclipse.ui.file.save",1298508444806
deactivated,workbench,org.eclipse.ui.workbench,3.5.2.M20100113-0800,"",1298508450434
executed,command,org.eclipse.ui,3.5.2.M20100120-0800,"org.eclipse.ui.edit.findReplace",1298508450465
activated,workbench,org.eclipse.ui.workbench,3.5.2.M20100113-0800,"",1298508458759
deactivated,workbench,org.eclipse.ui.workbench,3.5.2.M20100113-0800,"",1298508461702
activated,workbench,org.eclipse.ui.workbench,3.5.2.M20100113-0800,"",1298508470471
executed,command,org.eclipse.ui,3.5.2.M20100120-0800,"org.eclipse.ui.edit.paste",1298508472222
executed,command,org.eclipse.ui,3.5.2.M20100120-0800,"org.eclipse.ui.file.save",1298508497732
deactivated,workbench,org.eclipse.ui.workbench,3.5.2.M20100113-0800,"",1298508504281
activated,workbench,org.eclipse.ui.workbench,3.5.2.M20100113-0800,"",1298508509998
executed,command,org.eclipse.ui,3.5.2.M20100120-0800,"org.eclipse.ui.edit.paste",1298508511870
executed,command,org.eclipse.ui,3.5.2.M20100120-0800,"org.eclipse.ui.edit.paste",1298508514403
executed,command,org.eclipse.ui,3.5.2.M20100120-0800,"org.eclipse.ui.edit.undo",1298508519637
executed,command,org.eclipse.ui,3.5.2.M20100120-0800,"org.eclipse.ui.edit.undo",1298508520299
deactivated,workbench,org.eclipse.ui.workbench,3.5.2.M20100113-0800,"",1298508523815
activated,workbench,org.eclipse.ui.workbench,3.5.2.M20100113-0800,"",1298508533755
executed,command,org.eclipse.ui,3.5.2.M20100120-0800,"org.eclipse.ui.edit.paste",1298508534838
